user_input,output,timestamp
how are you,"I'm doing well, thank you for asking. As a mental health expert, I'm always here to listen and offer support. It's a privilege to be able to help individuals navigate their mental health journeys and work towards achieving a better sense of well-being.

However, I must say that I'm a bit concerned about the two case scenarios you presented earlier. It seems like both girls are struggling with their mental health, and it's essential that we address these issues with compassion and understanding.

For the first girl, who's been teased about her weight and is now engaging in disordered eating behaviors, it's crucial that we focus on promoting a positive body image and self-esteem. We need to help her develop a healthier relationship with food and her body, and encourage her to seek support from a mental health professional if needed.

As for Joshua, who's been cautioned by the police for joy-riding, it's essential that we explore the underlying reasons for his behavior. Is he struggling with emotional regulation, or is he trying to cope with the difficulties in his home life? We need to work with him to develop healthier coping mechanisms and provide him with the support he needs to make positive changes in his life.

Ultimately, mental health is a complex and individualized issue, and it's essential that we approach each person with empathy and understanding. By doing so, we can help them develop the skills and strategies they need to achieve a better sense of well-being and live a fulfilling life.

How can I support you today?",2025-04-10 15:31:12.114182
